epoch,step,val/error_u,val/loss,val/loss_best
15000,0,1.1310465335845947,0.4828086793422699,0.4828086793422699
